{"loss": 3.4575348140108986e-10, "kl_div": 3.0271170015083726e-09, "policy_ratio": 0.9999672174453735, "reward/mean": 0.019999999552965164, "reward/std": 0.0, "reward/max": 0.019999999552965164, "_timestamp": 1744670485.8027418, "_runtime": 211.2426357269287, "_step": 7, "_wandb": {"runtime": 274}}